[
    {
        "title": "Marketing Meeting",
        "start": "2012-08-17T11:15:00Z",
        "end": "2012-08-17T12:15:00Z",
        "description": "This is a cool event",
        "room": "rastanurrah",
        "url": "http://google.com"
    },
    {
        "title": "Budget Meeting",
        "start": "2012-08-17T07:15:00Z",
        "end": "2012-08-17T08:15:00Z",
        "description": "This is a cool event",
        "room": "xpec"
    },
    {
        "title": "Sales Meeting",
        "start": "2012-08-17T09:15:00Z",
        "end": "2012-08-17T10:15:00Z",
        "description": "This is a cool event",
        "room": "110"
    },
    {
        "title": "Another Meeting",
        "start": "2012-08-16T14:15:00Z",
        "end": "2012-08-16T16:15:00Z",
        "description": "This is a cool event",
        "room": "rastanurrah"
    },
    {
        "title": "Budget Meeting",
        "start": "2012-08-16T14:15:00Z",
        "end": "2012-08-16T16:15:00Z",
        "description": "This is a cool event",
        "room": "xpec"
    }
]